core_item_name,item_type
7-grain medley,ingredient
BBQ sauce,ingredient
Chenin Blanc,ingredient
Chianti,ingredient
Ferrero Rocher,ingredient
Fromager d'Affinois,ingredient
Gouda cheese,ingredient
HP sauce,ingredient
Korean BBQ sauce,ingredient
Moroccan rub,ingredient
Red Leicester cheese,ingredient
Roquefort cheese,ingredient
Special K cereal,ingredient
T-bone steak,ingredient
Thai 7 spice blend,ingredient
Thai black pepper sauce,ingredient
Thai coconut stir fry sauce,ingredient
Thai green curry paste,ingredient
Thai red chili sauce,ingredient
Thai red chilli sauce,ingredient
Thai red curry paste,ingredient
Thai yellow curry paste,ingredient
Tom Kha soup paste,ingredient
achar,ingredient
aioli,ingredient
allspice,ingredient
almond,ingredient
almond bar,ingredient
almond butter,ingredient
almond essence,ingredient
almond ice cream,ingredient
almond oil,ingredient
almond sprinkles,ingredient
almonds,ingredient
alphabet pasta,ingredient
anchovies,ingredient
anchovy,ingredient
anchovy paste,ingredient
angelfish goujons,ingredient
anise,ingredient
antipasti,ingredient
antipasto,ingredient
apple,ingredient
apple and cinnamon energy bar,ingredient
apple cider vinegar,ingredient
apple sauce,ingredient
apricot,ingredient
apricot jam,ingredient
arrabbiata pasta sauce,ingredient
artichoke,ingredient
artichokes,ingredient
arugula,ingredient
asparagus,ingredient
avocado,ingredient
avocado dip,ingredient
avocado oil,ingredient
avocado oil spread,ingredient
baby bath wash,ingredient
baby carrots,ingredient
baby cereal,ingredient
baby corn,ingredient
baby cream,ingredient
baby oil,ingredient
baby wash,ingredient
baby wipes,ingredient
babybel cheese,ingredient
bacon,ingredient
bagel,ingredient
bagels,ingredient
baguette,ingredient
baharat,ingredient
baked beans,ingredient
baking powder,ingredient
balsamic dressing,ingredient
balsamic reduction,ingredient
balsamic vinaigrette,ingredient
balsamic vinegar,ingredient
banana,ingredient
banana cereal,ingredient
banana flavoured milk,ingredient
banana loaf,ingredient
bao buns,ingredient
barbecue roasting kit,ingredient
barbecue rub,ingredient
barbecue sauce,ingredient
barley,ingredient
basa,ingredient
basil,ingredient
basmati rice,ingredient
basmati rice mix,ingredient
bay leaf,ingredient
bay leaves,ingredient
bbq marinade,ingredient
bean curry,ingredient
beans,ingredient
bechamel sauce,ingredient
beef,ingredient
beef biltong,ingredient
beef blade steak,ingredient
beef bolognese sauce,ingredient
beef bones,ingredient
beef brisket,ingredient
beef burger,ingredient
beef burger patty,ingredient
beef burgers,ingredient
beef chow mein,ingredient
beef chuck eye steak,ingredient
beef droewors,ingredient
beef fat,ingredient
beef fillet,ingredient
beef flavoured thickener,ingredient
beef frikadels,ingredient
beef frikkadels,ingredient
beef gravy,ingredient
beef liver,ingredient
beef marrow bones,ingredient
beef meatballs,ingredient
beef mince,ingredient
beef patties,ingredient
beef patty,ingredient
beef rashers,ingredient
beef rib,ingredient
beef ribs,ingredient
beef sausage,ingredient
beef sausages,ingredient
beef shin,ingredient
beef short rib,ingredient
beef short ribs,ingredient
beef sirloin steak,ingredient
beef sirloin steaks,ingredient
beef skewers,ingredient
beef slider,ingredient
beef steak,ingredient
beef stew,ingredient
beef stew meat,ingredient
beef stock,ingredient
beef stock concentrate,ingredient
beef stroganoff sauce mix,ingredient
beef tongue,ingredient
beef vienna sausage,ingredient
beef vienna sausages,ingredient
beetroot,ingredient
beetroot yoghurt dip,ingredient
bell pepper,ingredient
bell peppers,ingredient
berries,ingredient
biltong,ingredient
biltong powder,ingredient
biryani,ingredient
biryani mix,ingredient
biscotti,ingredient
biscuit,ingredient
biscuits,ingredient
black beans,ingredient
black pepper,ingredient
black pepper sauce,ingredient
black peppercorns,ingredient
black rice,ingredient
blackberries,ingredient
blood orange,ingredient
blood orange sparkling drink,ingredient
blood orange sparkling water,ingredient
blood oranges,ingredient
blue cheese,ingredient
blue cheese dressing,ingredient
blue cheese sauce,ingredient
blueberries,ingredient
blueberry and raspberry preserve,ingredient
blueberry beet energy bar,ingredient
blueberry jam,ingredient
blueberry muffin,ingredient
bockwurst,ingredient
body lotion,ingredient
boerenkaas cheese,ingredient
boerewors,ingredient
bok choy,ingredient
bolognese pasta sauce,ingredient
bolognese sauce,ingredient
bone broth,ingredient
bone broth powder,ingredient
bone-in sirloin steak,ingredient
borlotti beans,ingredient
bouquet garni,ingredient
braai,ingredient
braai spice mix,ingredient
braai wood,ingredient
bran cereal,ingredient
bran flakes,ingredient
bran rusks,ingredient
bread,ingredient
bread mix,ingredient
bread roll,ingredient
bread rolls,ingredient
breadsticks,ingredient
breast pads,ingredient
breyani rice,ingredient
brie,ingredient
brie cheese,ingredient
brioche,ingredient
broccoli,ingredient
broccoli and cauliflower florets,ingredient
brown and wild rice,ingredient
brown basmati rice,ingredient
brown basmati rice with quinoa,ingredient
brown rice,ingredient
brown rice crackers,ingredient
brown sugar,ingredient
bruschetta,ingredient
brussels sprouts,ingredient
buckwheat flour,ingredient
buffalo sauce,ingredient
bulgur,ingredient
bulgur quinoa and lentil,ingredient
bum balm,ingredient
burger,ingredient
burger buns,ingredient
burrata,ingredient
burritos,ingredient
butter,ingredient
butter beans,ingredient
butter chicken,ingredient
butter chicken curry spice blend,ingredient
butter chicken paste,ingredient
butter chicken sauce,ingredient
butter chicken spice blend,ingredient
butter roti,ingredient
butter spread,ingredient
butterflied chicken,ingredient
buttermilk,ingredient
butternut soup,ingredient
butternut squash,ingredient
butterscotch syrup,ingredient
cabbage,ingredient
cabernet sauvignon,ingredient
cacio e pepe,ingredient
caesar dressing,ingredient
cajun sauce,ingredient
cajun seasoning,ingredient
calamari,ingredient
cambozola cheese,ingredient
camembert,ingredient
cannellini beans,ingredient
cannelloni,ingredient
canola oil,ingredient
caper berries,ingredient
cappuccino,ingredient
cappuccino mix,ingredient
cappuccino sachets,ingredient
cappuccino sticks,ingredient
caramel,ingredient
caramel essence,ingredient
caramel mocha cappuccino sachets,ingredient
cardamom,ingredient
carrot,ingredient
carrot quinoa wrap,ingredient
carrots,ingredient
cashew butter,ingredient
cashew chicken,ingredient
cashews,ingredient
cauliflower,ingredient
cauliflower carrot fettuccine,ingredient
cauliflower fettuccine,ingredient
cauliflower gnocchi,ingredient
cauliflower spaghetti,ingredient
cauliflower wrap,ingredient
caviar,ingredient
cayenne pepper,ingredient
celery,ingredient
cereal,ingredient
cereal bars,ingredient
cerelac,ingredient
chai latte,ingredient
chai latte mix,ingredient
chakalaka,ingredient
chamomile and rooibos tea bags,ingredient
chamomile tea,ingredient
chardonnay,ingredient
cheddar,ingredient
cheddar cheese,ingredient
cheddar cheese slices,ingredient
cheddar cheese spread,ingredient
cheddar slices,ingredient
cheese,ingredient
cheese crackers,ingredient
cheese dip,ingredient
cheese pastry straws,ingredient
cheese pillows,ingredient
cheese puff,ingredient
cheese roll,ingredient
cheese sauce,ingredient
cheese slices,ingredient
cheese spread,ingredient
chermoula,ingredient
cherries,ingredient
cherry,ingredient
cherry brandy sauce,ingredient
cherry jam,ingredient
cherry tomatoes,ingredient
chia seeds,ingredient
chicken,ingredient
chicken and tomato sauce,ingredient
chicken bolognese,ingredient
chicken breast,ingredient
chicken breast fillets,ingredient
chicken burger,ingredient
chicken burgers,ingredient
chicken curry,ingredient
chicken frikkadels,ingredient
chicken hearts,ingredient
chicken jus,ingredient
chicken kebabs,ingredient
chicken leg,ingredient
chicken leg quarter,ingredient
chicken leg quarters,ingredient
chicken liver,ingredient
chicken liver pâté,ingredient
chicken mince,ingredient
chicken necks,ingredient
chicken noodle,ingredient
chicken rashers,ingredient
chicken rub,ingredient
chicken sausage,ingredient
chicken sausages,ingredient
chicken seasoning,ingredient
chicken skewers,ingredient
chicken soup,ingredient
chicken steak,ingredient
chicken steaks,ingredient
chicken stock,ingredient
chicken stock concentrate,ingredient
chicken stock powder,ingredient
chicken strips,ingredient
chicken stroganoff,ingredient
chicken thigh,ingredient
chicken thigh fillets,ingredient
chicken thighs,ingredient
chicken tikka,ingredient
chicken tikka curry,ingredient
chicken tomato sauce,ingredient
chicken vienna sausage,ingredient
chicken wing tips,ingredient
chicken wings,ingredient
chickpea,ingredient
chickpea flour,ingredient
chickpea pasta,ingredient
chickpeas,ingredient
chili flakes,ingredient
chili oil,ingredient
chilies,ingredient
chilli,ingredient
chilli bite mix,ingredient
chilli con carne sauce,ingredient
chilli crisp,ingredient
chilli crunch,ingredient
chilli crunch seasoning,ingredient
chilli flakes,ingredient
chilli lime salt,ingredient
chilli lime seasoning,ingredient
chilli non carne,ingredient
chilli oil,ingredient
chilli paste,ingredient
chilli pickle,ingredient
chilli popper bites,ingredient
chilli powder,ingredient
chilli salt,ingredient
chimichurri,ingredient
chipolatas,ingredient
chipotle chilli sauce,ingredient
chipotle sauce,ingredient
chives,ingredient
chocolate chip biscuits,ingredient
chorizo,ingredient
chow mein sauce,ingredient
chuck eye steak,ingredient
chuckles,ingredient
churros,ingredient
chutney,ingredient
ciabatta,ingredient
ciabatta rolls,ingredient
cider,ingredient
cinnamon,ingredient
cinnamon sugar,ingredient
citrus,ingredient
citrus fruit,ingredient
citrus mix,ingredient
clementine slices,ingredient
cloves,ingredient
coating mix,ingredient
coco pops,ingredient
coconut,ingredient
coconut cream,ingredient
coconut flakes,ingredient
coconut flour,ingredient
coconut jasmine rice,ingredient
coconut milk,ingredient
coconut oil,ingredient
coconut pineapple drink,ingredient
coconut rice,ingredient
coconut sauce,ingredient
coconut stir fry sauce,ingredient
coconut stir-fry sauce,ingredient
coconut sugar,ingredient
coconut yogurt,ingredient
cod roe,ingredient
coffee,ingredient
coffee beans,ingredient
coffee capsules,ingredient
coffee filters,ingredient
coffee milk,ingredient
coffee sachets,ingredient
coleslaw,ingredient
collagen granules,ingredient
collagen powder,ingredient
comté cheese,ingredient
condiment,ingredient
cookbook,ingredient
cookie,ingredient
cookies,ingredient
cooler bag,ingredient
coppa,ingredient
coriander,ingredient
coriander chutney,ingredient
coriander seeds,ingredient
corn,ingredient
corn flakes,ingredient
corn snack,ingredient
cornbread mix,ingredient
corned beef,ingredient
cornflour,ingredient
cottage cheese,ingredient
cottage pie,ingredient
cotton buds,ingredient
cotton pads,ingredient
cotton puff,ingredient
cotton wool roll,ingredient
courgette,ingredient
couscous,ingredient
couscous salad,ingredient
cracker,ingredient
crackers,ingredient
cranberry and apple glaze,ingredient
cranberry balsamic reduction,ingredient
cranberry citrus sparkling non-alcoholic drink,ingredient
cranberry cosmo drink,ingredient
cranberry dressing,ingredient
cranberry drink,ingredient
cranberry sauce,ingredient
cranberry sparkling drink,ingredient
cream,ingredient
cream cheese,ingredient
cream crackers,ingredient
cream of tartar,ingredient
creme fraiche,ingredient
crispbread,ingredient
croissant,ingredient
croutons,ingredient
crunchie,ingredient
crushed tomatoes,ingredient
crushed tomatoes with vegetables,ingredient
cucumber,ingredient
cumin,ingredient
cumin seeds,ingredient
cupcake cases,ingredient
curried spelt and beans,ingredient
curry paste,ingredient
curry powder,ingredient
curry sauce,ingredient
custard,ingredient
custard powder,ingredient
custard slice,ingredient
cutlery,ingredient
dairy beverage,ingredient
dairy-free cheddar cheese,ingredient
dairy-free cheese,ingredient
dairy-free cheese spread,ingredient
dairy-free hard cheese,ingredient
dal spice blend,ingredient
dal spice mix,ingredient
date,ingredient
date syrup,ingredient
dates,ingredient
deli platter,ingredient
dhal spice blend,ingredient
diapers,ingredient
diced tomatoes,ingredient
digestive biscuit,ingredient
digestive biscuits,ingredient
digestives,ingredient
dill,ingredient
dill pickles,ingredient
dip,ingredient
donut,ingredient
dressing,ingredient
dried beef sausage,ingredient
drink,ingredient
droewors,ingredient
duck,ingredient
duck breast,ingredient
duck fat,ingredient
duck legs,ingredient
duck liver,ingredient
duck necks,ingredient
duck sausage,ingredient
duck skin,ingredient
dukkah,ingredient
edamame,ingredient
edible flowers,ingredient
egg noodles,ingredient
egg whites,ingredient
eggplant,ingredient
eggs,ingredient
emmental cheese,ingredient
emollient cream,ingredient
enchilada sauce,ingredient
energy bar,ingredient
energy bars,ingredient
english muffin,ingredient
english muffins,ingredient
erythritol,ingredient
erythritol and stevia blend,ingredient
everything bagel seasoning,ingredient
falafel,ingredient
falafel seasoning,ingredient
fennel,ingredient
fennel seeds,ingredient
feta,ingredient
feta cheese,ingredient
feta dip,ingredient
feta herb dip,ingredient
fettuccine,ingredient
fig balsamic reduction,ingredient
fire starter,ingredient
fish fillets,ingredient
fish sauce,ingredient
fish sausage,ingredient
fish stock concentrate,ingredient
flapjack,ingredient
flapjack mix,ingredient
flapjacks,ingredient
flavoured milk,ingredient
flavoured water,ingredient
flaxseed oil,ingredient
flour,ingredient
focaccia,ingredient
focaccia mix,ingredient
follow-on formula,ingredient
follow-on formula stage 2,ingredient
food storage container,ingredient
food storage containers,ingredient
formula,ingredient
freezer bags,ingredient
french fries,ingredient
fried chicken,ingredient
fries,ingredient
frikadels,ingredient
frikkadels,ingredient
frozen mixed vegetables,ingredient
frozen vegetables,ingredient
frozen yoghurt,ingredient
frozen yogurt,ingredient
fruit,ingredient
fruit cocktail,ingredient
fruit mince,ingredient
fruit salad,ingredient
fusilli,ingredient
fusilli pasta,ingredient
gammon,ingredient
garam masala,ingredient
garlic,ingredient
garlic and herb seasoning,ingredient
garlic butter baguette,ingredient
garlic butter filled ciabatta,ingredient
garlic cheese naan,ingredient
garlic flakes,ingredient
garlic flavoured avocado oil,ingredient
garlic herb butter,ingredient
garlic mushroom sauce,ingredient
garlic naan bread,ingredient
garlic powder,ingredient
garlic salt,ingredient
garlic sauce,ingredient
garlic scapes,ingredient
gelatine,ingredient
gelling powder,ingredient
gem squash,ingredient
ghee,ingredient
ghost chilli,ingredient
gizzards,ingredient
glace cherries,ingredient
gluten-free all-purpose flour,ingredient
gnocchi,ingredient
goat camembert,ingredient
goat cheese,ingredient
goat gouda cheese,ingredient
goat milk,ingredient
gochujang,ingredient
gooseberry,ingredient
gorgonzola,ingredient
gorgonzola cheese,ingredient
gouda,ingredient
grana padano,ingredient
granadilla,ingredient
granola,ingredient
grape jelly powder,ingredient
grapefruit,ingredient
grapefruit drink,ingredient
grapefruit sparkling drink,ingredient
grapes,ingredient
grapeseed oil,ingredient
gravy,ingredient
gravy powder,ingredient
greek dressing,ingredient
green beans,ingredient
green chicken curry,ingredient
green curry paste,ingredient
green tea,ingredient
grenache,ingredient
grenache rosé,ingredient
ground beef,ingredient
ground coffee,ingredient
ground cumin,ingredient
ground meat,ingredient
growing up formula,ingredient
gruyere cheese,ingredient
guacamole,ingredient
guacamole seasoning,ingredient
guava,ingredient
guava and banana,ingredient
guava yoghurt,ingredient
habanero chillies,ingredient
habanero peppers,ingredient
habanero sauce,ingredient
haddock,ingredient
hake,ingredient
hake fillets,ingredient
halloumi,ingredient
halloumi cheese,ingredient
haloumi,ingredient
haloumi cheese,ingredient
haloumi stuffed chicken skewers,ingredient
ham,ingredient
hamburger buns,ingredient
hamburger rolls,ingredient
hard cheese,ingredient
harissa,ingredient
harissa and olive sauce,ingredient
harissa paste,ingredient
harissa sauce,ingredient
havarti cheese,ingredient
hazelnut cappuccino sachets,ingredient
hazelnut chocolate spread,ingredient
hazelnut spread,ingredient
hazelnut syrup,ingredient
hazelnut wafer,ingredient
hemp seeds,ingredient
herbal tea,ingredient
herbs,ingredient
herring,ingredient
hibiscus,ingredient
hoisin sauce,ingredient
honey,ingredient
honey drizzle,ingredient
honey mustard,ingredient
honey mustard dressing,ingredient
honeycomb,ingredient
horseradish,ingredient
hot and sour paste,ingredient
hot cross buns,ingredient
hot dog,ingredient
hot dog buns,ingredient
hot dog rolls,ingredient
hot sauce,ingredient
hummus,ingredient
ice,ingredient
ice cream,ingredient
ice cream cone,ingredient
ice lolly,ingredient
iced tea,ingredient
icing mix,ingredient
icing sugar,ingredient
infant cereal,ingredient
infant formula,ingredient
instant cappuccino,ingredient
instant cappuccino mix,ingredient
instant coffee,ingredient
instant latte mix,ingredient
instant noodles,ingredient
instant oats,ingredient
italian herbs,ingredient
italian rub,ingredient
italian seasoning,ingredient
jalapeno chutney,ingredient
jalapeno peppers,ingredient
jalapeno popper corn snack,ingredient
jalapeno sauce,ingredient
jalapenos,ingredient
jalapeño,ingredient
jalapeño peppers,ingredient
jalapeño sauce,ingredient
jalapeños,ingredient
jalfrezi sauce,ingredient
jam,ingredient
jasmine rice,ingredient
jelly,ingredient
jelly cup,ingredient
jelly cups,ingredient
jelly custard,ingredient
juniper berries,ingredient
jus,ingredient
kale,ingredient
kassler chops,ingredient
kefir,ingredient
ketchup,ingredient
kidney beans,ingredient
kingklip,ingredient
kipper,ingredient
kiwi,ingredient
koeksisters,ingredient
kombucha,ingredient
korean barbecue sauce,ingredient
korma paste,ingredient
korma sauce,ingredient
korma spice blend,ingredient
laksa,ingredient
lamb,ingredient
lamb boerewors,ingredient
lamb bones,ingredient
lamb burger,ingredient
lamb chop,ingredient
lamb chops,ingredient
lamb curry,ingredient
lamb kebabs,ingredient
lamb kidneys,ingredient
lamb leg chops,ingredient
lamb liver,ingredient
lamb loin chop,ingredient
lamb meatballs,ingredient
lamb mince,ingredient
lamb neck,ingredient
lamb rib chops,ingredient
lamb riblets,ingredient
lamb ribs,ingredient
lamb rub,ingredient
lamb samosa,ingredient
lamb samosas,ingredient
lamb sausage,ingredient
lamb shank,ingredient
lamb shanks,ingredient
lamb skilpadjies,ingredient
lamb sosatie kebabs,ingredient
lamb tail,ingredient
lamb tails,ingredient
lamb tripe,ingredient
lancashire cheese,ingredient
lasagna sheets,ingredient
lasagne,ingredient
lasagne pasta sheets,ingredient
lasagne sheets,ingredient
lassi,ingredient
latte mix,ingredient
leek,ingredient
leeks,ingredient
leg of lamb,ingredient
legumes,ingredient
lemon,ingredient
lemon and bitters drink,ingredient
lemon curd,ingredient
lemon olive oil,ingredient
lemon sauce,ingredient
lemon sparkling water,ingredient
lemongrass,ingredient
lemongrass paste,ingredient
lentil,ingredient
lentil curry,ingredient
lentils,ingredient
lettuce,ingredient
lighter,ingredient
lime,ingredient
lime and mint drink,ingredient
lime and mint sparkling drink,ingredient
linguine,ingredient
lion's mane mushrooms,ingredient
liver,ingredient
liver spread,ingredient
lotion,ingredient
lychee,ingredient
lychee drink,ingredient
lychees,ingredient
maas,ingredient
maasdam cheese,ingredient
macadamia oil,ingredient
macadamia oil spread,ingredient
macaroni,ingredient
macaroni and cheese,ingredient
macaroni cheese,ingredient
macaroni cheese with bacon,ingredient
mackerel,ingredient
maize meal,ingredient
maize snack,ingredient
malt crunch,ingredient
malva pudding,ingredient
manchego cheese,ingredient
mandarin orange,ingredient
mandarins,ingredient
mange-tout,ingredient
mango,ingredient
mango and passion fruit,ingredient
mango atchar,ingredient
mango chili balsamic reduction,ingredient
mango chutney,ingredient
mango lassi,ingredient
mango pickle,ingredient
maple syrup,ingredient
margarine,ingredient
marmalade,ingredient
marrow,ingredient
masala,ingredient
masala sauce,ingredient
masala spice blend,ingredient
mascarpone,ingredient
mashed potatoes,ingredient
massage oil,ingredient
massaman curry paste,ingredient
matboucha,ingredient
matcha latte mix,ingredient
maternity pads,ingredient
mayonnaise,ingredient
meat and vegetable extract spread,ingredient
meat extract,ingredient
meat skewers,ingredient
meatballs,ingredient
melba toast,ingredient
melon,ingredient
meringue mix,ingredient
merlot,ingredient
microgreens,ingredient
milk,ingredient
milk powder,ingredient
milk roll,ingredient
milk tart,ingredient
mince,ingredient
mince curry rice,ingredient
mince pies,ingredient
minced beef,ingredient
minced meat,ingredient
mineral water,ingredient
mint,ingredient
mint jelly,ingredient
mint mojito,ingredient
mint mojito drink,ingredient
mint yoghurt dressing,ingredient
miso,ingredient
miso dressing,ingredient
miso glaze,ingredient
miso paste,ingredient
mixed berries,ingredient
mixed citrus fruit,ingredient
mixed fruit cubes,ingredient
mixed greens,ingredient
mixed herbs,ingredient
mixed nuts,ingredient
mixed nuts and seeds,ingredient
mixed vegetables,ingredient
mocha cappuccino mix,ingredient
mocha cappuccino sachets,ingredient
mortadella,ingredient
mozzarella,ingredient
mozzarella cheese,ingredient
mozzarella sticks,ingredient
muesli,ingredient
muffin,ingredient
muffin mix,ingredient
muffins,ingredient
multigrain cereal,ingredient
multigrain puffs,ingredient
mushroom broth,ingredient
mushroom mascarpone truffle sauce,ingredient
mushroom pasta sauce,ingredient
mushroom powder,ingredient
mushroom risotto,ingredient
mushroom sauce,ingredient
mushroom soup,ingredient
mushroom stock,ingredient
mushrooms,ingredient
mussels,ingredient
mustard,ingredient
mustard powder,ingredient
mustard seeds,ingredient
naan,ingredient
napoletana sauce,ingredient
nappies,ingredient
nduja,ingredient
nectarine,ingredient
nero d avola,ingredient
non-alcoholic beer,ingredient
non-alcoholic red wine,ingredient
non-alcoholic rosé,ingredient
non-alcoholic sauvignon blanc,ingredient
non-alcoholic sparkling rosé,ingredient
non-alcoholic spirit,ingredient
non-alcoholic whiskey,ingredient
non-alcoholic white wine,ingredient
non-alcoholic wine,ingredient
noodle,ingredient
noodles,ingredient
nori,ingredient
nut and oat crunchies,ingredient
nut bar,ingredient
nutmeg,ingredient
nutritional yeast,ingredient
nuts,ingredient
nuts and seeds,ingredient
oat and chocolate chip cookies,ingredient
oat biscuit,ingredient
oat biscuits,ingredient
oat bran,ingredient
oat cereal,ingredient
oat cookies,ingredient
oat crunchies,ingredient
oats,ingredient
oil,ingredient
ointment,ingredient
olive,ingredient
olive and harissa sauce,ingredient
olive oil,ingredient
olive pastry straw,ingredient
olives,ingredient
onion,ingredient
onion and chilli paste,ingredient
onion chutney,ingredient
onion dip,ingredient
onion gravy powder,ingredient
onion marmalade,ingredient
onion powder,ingredient
onion rings,ingredient
onions,ingredient
orange,ingredient
orange jelly,ingredient
orange marmalade,ingredient
orange sparkling drink,ingredient
orange sparkling water,ingredient
oregano,ingredient
orzo,ingredient
osso buco,ingredient
ostrich,ingredient
ostrich burger,ingredient
ostrich burger patty,ingredient
ostrich droewors,ingredient
ostrich fillet,ingredient
ostrich fillet roast,ingredient
ostrich fillets,ingredient
ostrich meat,ingredient
ostrich mince,ingredient
ostrich sausage,ingredient
ostrich steak,ingredient
oxtail,ingredient
oyster blade steak,ingredient
oyster mushrooms,ingredient
oyster sauce,ingredient
pad thai noodles,ingredient
pad thai sauce,ingredient
padron peppers,ingredient
paella seasoning,ingredient
pak choi,ingredient
palmiers,ingredient
paneer,ingredient
panettone,ingredient
pani puri discs,ingredient
pansotti,ingredient
papaya,ingredient
paper cups,ingredient
paper plates,ingredient
pappardelle,ingredient
paprika,ingredient
parchment paper,ingredient
parmesan cheese,ingredient
parsley,ingredient
parsnip,ingredient
passata,ingredient
passion fruit pulp,ingredient
pasta,ingredient
pasta salad,ingredient
pasta sauce,ingredient
pasta sauce with olives,ingredient
pastrami,ingredient
pastry,ingredient
pastry straws,ingredient
pate,ingredient
patty pan squash,ingredient
peach,ingredient
peach chutney,ingredient
peach jam,ingredient
peach jelly cups,ingredient
peach slices,ingredient
peanut butter,ingredient
peanut butter bar,ingredient
peanut butter bars,ingredient
peanut butter cereal,ingredient
peanut butter energy bar,ingredient
peanut oil,ingredient
peanut sauce,ingredient
peanuts,ingredient
peanuts and cashews mix,ingredient
pear,ingredient
peas,ingredient
pecan cashew tartlet,ingredient
pecans,ingredient
pecorino romano cheese,ingredient
penne,ingredient
penne pasta,ingredient
peperonata sauce,ingredient
peppadew peppers,ingredient
pepper,ingredient
pepper powder,ingredient
pepper sauce,ingredient
peppercorn sauce,ingredient
peppercorns,ingredient
peppermint syrup,ingredient
peppermint tea,ingredient
pepperoni,ingredient
peppers,ingredient
peri peri sauce,ingredient
peri peri spice blend,ingredient
peri-peri sauce,ingredient
peri-peri spice blend,ingredient
pesto,ingredient
petroleum jelly,ingredient
phyllo pastry,ingredient
picanha steak,ingredient
pickle,ingredient
pickled herring,ingredient
pickled onions,ingredient
pickles,ingredient
pilchards,ingredient
pimento pepper,ingredient
pineapple,ingredient
pineapple and coconut drink,ingredient
pineapple jelly powder,ingredient
pink salt,ingredient
pinot grigio,ingredient
pinotage,ingredient
pinotage rosé,ingredient
piping bags,ingredient
piri piri seasoning,ingredient
pita bread,ingredient
pizza,ingredient
pizza base,ingredient
pizza base mix,ingredient
plant spread,ingredient
plant-based burger patty,ingredient
plant-based mince,ingredient
plant-based sausage links,ingredient
plant-based steak,ingredient
plastic wrap,ingredient
plate,ingredient
plum sauce,ingredient
poke sauce,ingredient
polenta,ingredient
polony,ingredient
pomegranate,ingredient
pomegranate orange sparkling drink,ingredient
pomegranate sparkling drink,ingredient
ponzu sauce,ingredient
popcorn,ingredient
poppadoms,ingredient
poppy seeds,ingredient
porcini mushroom,ingredient
porcini mushrooms,ingredient
pork,ingredient
pork belly,ingredient
pork belly ribs,ingredient
pork bones,ingredient
pork cheek,ingredient
pork chops,ingredient
pork fillet,ingredient
pork grillers,ingredient
pork loin chop,ingredient
pork loin chops,ingredient
pork mince,ingredient
pork rashers,ingredient
pork rib,ingredient
pork ribeye steak,ingredient
pork riblets,ingredient
pork ribs,ingredient
pork sausage,ingredient
pork shank,ingredient
pork shoulder,ingredient
pork shoulder chop,ingredient
pork shoulder chops,ingredient
pork skewers,ingredient
pork steak,ingredient
pork trotters,ingredient
porridge,ingredient
potato,ingredient
potato carrot mash,ingredient
potato chips,ingredient
potato mash,ingredient
potato paste,ingredient
potato roll,ingredient
potato rolls,ingredient
potato rostis,ingredient
potato seasoning,ingredient
potatoes,ingredient
potstickers,ingredient
powder,ingredient
powdered milk drink,ingredient
prawn,ingredient
prawn cocktail mix,ingredient
prawn curry,ingredient
prawn skewers,ingredient
prawns,ingredient
preserved lemon,ingredient
pretzel,ingredient
pretzels,ingredient
prosciutto,ingredient
prosecco,ingredient
protein bar,ingredient
protein powder,ingredient
provolone cheese,ingredient
pudding,ingredient
pudding mix,ingredient
puff pastry,ingredient
puff pastry sheets,ingredient
puffed rice cereal bars,ingredient
pulled pork bao buns,ingredient
pumpkin,ingredient
pumpkin seeds,ingredient
puri,ingredient
quail eggs,ingredient
quiche lorraine,ingredient
quinoa,ingredient
raclette cheese,ingredient
radicchio,ingredient
radish,ingredient
ragu,ingredient
ragù,ingredient
rainbow trout,ingredient
ramen noodle,ingredient
ramen noodles,ingredient
raspberries,ingredient
raspberry,ingredient
raspberry jam,ingredient
ratatouille,ingredient
ravioli,ingredient
red cabbage,ingredient
red chili sauce,ingredient
red curry paste,ingredient
red curry soup,ingredient
red onion,ingredient
red pepper,ingredient
red wine,ingredient
relish,ingredient
rhubarb,ingredient
ribeye steak,ingredient
rice,ingredient
rice cereal,ingredient
rice crackers,ingredient
rice flour,ingredient
rice noodles,ingredient
rice paper,ingredient
rice paper wrappers,ingredient
rice salad,ingredient
rice vermicelli,ingredient
rice vinegar,ingredient
ricotta,ingredient
ricotta cheese,ingredient
risotto,ingredient
roast beef,ingredient
roast chicken,ingredient
roast chicken seasoning,ingredient
roasted garlic,ingredient
roasted vegetables,ingredient
roasting vegetables,ingredient
rocket,ingredient
rogan josh paste,ingredient
rogan josh sauce,ingredient
rogan josh spice blend,ingredient
rolls,ingredient
romaine lettuce,ingredient
romanesco,ingredient
romesco sauce,ingredient
rooibos tea,ingredient
rooibos tea bags,ingredient
roosterkoek mix,ingredient
rose essence,ingredient
rose wine,ingredient
rosemary,ingredient
rosemary and sage,ingredient
rosé wine,ingredient
roti,ingredient
royal icing,ingredient
rub,ingredient
rusk,ingredient
rusks,ingredient
rye bread,ingredient
rye crispbread,ingredient
saag,ingredient
saffron,ingredient
sage,ingredient
salad,ingredient
salad cream,ingredient
salad dressing,ingredient
salad greens,ingredient
salami,ingredient
salmon,ingredient
salsa,ingredient
salt,ingredient
salt and pepper,ingredient
salt and pepper seasoning,ingredient
samosa,ingredient
samosas,ingredient
samp,ingredient
samp and beans,ingredient
sandwich thins,ingredient
sangiovese,ingredient
sardines,ingredient
satay sauce,ingredient
sauce,ingredient
sauerkraut,ingredient
sausage,ingredient
sausages,ingredient
sauvignon blanc,ingredient
sauvignon blanc semillon,ingredient
savoury rice,ingredient
scone,ingredient
sea salt,ingredient
seafood paste,ingredient
seafood rub,ingredient
seasonal sweets,ingredient
seasoning,ingredient
seed bar,ingredient
seed loaf mix,ingredient
seed mix,ingredient
seeded rolls,ingredient
self-raising flour,ingredient
semolina,ingredient
serrano ham,ingredient
sesame oil,ingredient
sesame sauce,ingredient
sesame seeds,ingredient
sesame stir fry sauce,ingredient
sesame stir-fry sauce,ingredient
shakshuka,ingredient
shallots,ingredient
shampoo,ingredient
shawarma paste,ingredient
shiitake mushrooms,ingredient
shoots,ingredient
shortbread,ingredient
simit,ingredient
sirloin steak,ingredient
slaw,ingredient
smoked cheese,ingredient
smoked chicken,ingredient
smoked chicken breast,ingredient
smoked chicken sausage,ingredient
smoked chili flakes,ingredient
smoked chilli,ingredient
smoked chilli seasoning,ingredient
smoked gouda cheese,ingredient
smoked hake,ingredient
smoked mackerel,ingredient
smoked mackerel fillets,ingredient
smoked salmon,ingredient
smoked snoek pâté,ingredient
smoked trout,ingredient
smoked trout sausage,ingredient
snack bar,ingredient
snack bars,ingredient
snack mix,ingredient
snoek,ingredient
snoek pate,ingredient
snoek terrine,ingredient
snow peas,ingredient
soap,ingredient
soft cheese,ingredient
soft drink,ingredient
sorghum and quinoa mix,ingredient
soup,ingredient
sour cream,ingredient
sour cream dip,ingredient
sourdough bread,ingredient
sourdough rolls,ingredient
soy burger,ingredient
soy burger patty,ingredient
soy mince,ingredient
soy sauce,ingredient
soy yogurt,ingredient
spaghetti,ingredient
spaghetti bolognese,ingredient
spaghetti carbonara,ingredient
spanish rice,ingredient
sparkling drink,ingredient
sparkling fruit drink,ingredient
sparkling passion fruit and lemon drink,ingredient
sparkling passion fruit lemon drink,ingredient
sparkling water,ingredient
speck,ingredient
spelt fusilli,ingredient
spice,ingredient
spice blend,ingredient
spice mix,ingredient
spice rub,ingredient
spinach,ingredient
spinach and feta puff pastry,ingredient
spinach and ricotta sauce,ingredient
spinach ravioli,ingredient
spirit vinegar,ingredient
split peas,ingredient
spread,ingredient
spring onion,ingredient
spring rolls,ingredient
sprinkles,ingredient
sprouts,ingredient
squash,ingredient
squid,ingredient
sriracha,ingredient
sriracha mayo,ingredient
sriracha sauce,ingredient
star anise,ingredient
steak,ingredient
steak rub,ingredient
steak sauce,ingredient
steak seasoning,ingredient
steel cut oats,ingredient
stevia,ingredient
stick,ingredient
sticky rice,ingredient
stir fry mix,ingredient
stir fry vegetables,ingredient
stir-fry mix,ingredient
stir-fry vegetables,ingredient
strawberries,ingredient
strawberry,ingredient
strawberry ice lolly,ingredient
strawberry jam,ingredient
strawberry jelly cups,ingredient
strawberry jelly powder,ingredient
strawberry lassi,ingredient
strawberry milk,ingredient
strawberry rosé,ingredient
strawberry soy yogurt,ingredient
strawberry syrup,ingredient
strawberry yoghurt,ingredient
straws,ingredient
stroganoff sauce,ingredient
stuffed grape leaves,ingredient
stuffing,ingredient
sucralose,ingredient
sucralose tablets,ingredient
sugar,ingredient
sugar cone,ingredient
sugar cones,ingredient
sugar snap peas,ingredient
sugar substitute,ingredient
sumac,ingredient
sun-dried tomato,ingredient
sun-dried tomato pasta sauce,ingredient
sun-dried tomatoes,ingredient
sunflower oil,ingredient
sunflower seeds,ingredient
sunscreen,ingredient
sushi mat,ingredient
sweetener,ingredient
swiss roll,ingredient
syrup,ingredient
szechuan pepper oil,ingredient
taco shells,ingredient
tagliatelle,ingredient
tagliatelle pasta,ingredient
tahini,ingredient
tahini yoghurt,ingredient
tahini yogurt drizzle,ingredient
tamari,ingredient
tamari soy sauce,ingredient
tamarind chutney,ingredient
tapenade,ingredient
tapioca pudding,ingredient
tarragon,ingredient
tartar sauce,ingredient
tea,ingredient
tea bags,ingredient
tempeh,ingredient
tequila,ingredient
teriyaki sauce,ingredient
thickener,ingredient
thyme,ingredient
tikka masala sauce,ingredient
tikka paste,ingredient
tikka spice blend,ingredient
tilapia,ingredient
tiramisu,ingredient
toddler formula,ingredient
tofu,ingredient
tofu burger,ingredient
tofu sausage,ingredient
tofu tempeh kebabs,ingredient
tom kha soup,ingredient
tom yam chilli paste,ingredient
tom yum chili paste,ingredient
tom yum paste,ingredient
tom yum soup,ingredient
tomato,ingredient
tomato and onion mix,ingredient
tomato chutney,ingredient
tomato passata with basil,ingredient
tomato pasta sauce,ingredient
tomato paste,ingredient
tomato preserve,ingredient
tomato puree,ingredient
tomato sauce,ingredient
tomato soup,ingredient
tomatoes,ingredient
toothbrush,ingredient
toothpicks,ingredient
tortelloni,ingredient
tortilla,ingredient
tortilla wraps,ingredient
tortillas,ingredient
towel,ingredient
trifle,ingredient
trinchado sauce,ingredient
tripe,ingredient
tropical fruit,ingredient
trout,ingredient
trout burger,ingredient
trout sausage,ingredient
tumbler,ingredient
tuna,ingredient
tuna biltong,ingredient
tuna pasta,ingredient
tuna penne,ingredient
tuna steak,ingredient
turkey,ingredient
turkey pastrami,ingredient
turmeric,ingredient
turmeric powder,ingredient
tzatziki,ingredient
tzatziki seasoning,ingredient
udon noodles,ingredient
vanilla drinking yoghurt,ingredient
vanilla extract,ingredient
vanilla matcha latte mix,ingredient
vanilla paste,ingredient
vanilla wafers,ingredient
vegan cheddar,ingredient
vegan cheddar cheese slices,ingredient
vegan cheddar slices,ingredient
vegan cheese,ingredient
vegan cheese slices,ingredient
vegan cheese spread,ingredient
vegetable,ingredient
vegetable and lentil sauce,ingredient
vegetable stock,ingredient
vegetables,ingredient
venison,ingredient
venison biltong,ingredient
venison burgers,ingredient
venison droewors,ingredient
venison frikkadels,ingredient
venison mince,ingredient
venison sausage,ingredient
vetkoek,ingredient
vetkoek mix,ingredient
vienna sausage,ingredient
vinaigrette,ingredient
vindaloo sauce,ingredient
vindaloo spice blend,ingredient
vinegar,ingredient
wafer rolls,ingredient
wagyu beef sirloin steak,ingredient
wasabi,ingredient
wasabi paste,ingredient
water,ingredient
water bottle,ingredient
watercress,ingredient
watermelon,ingredient
wensleydale cheese,ingredient
wheatgrass,ingredient
whey powder,ingredient
whipping cream,ingredient
white pepper,ingredient
white sauce,ingredient
white wine,ingredient
whole chicken,ingredient
wine,ingredient
worcestershire sauce,ingredient
wrap,ingredient
wraps,ingredient
xylitol,ingredient
yeast,ingredient
yeast extract,ingredient
yellow curry paste,ingredient
yoghurt,ingredient
yoghurt dipped crunchies,ingredient
yoghurt dressing,ingredient
yoghurt with granola,ingredient
yogurt,ingredient
za'atar,ingredient
zaatar,ingredient
zhough paste,ingredient
zucchini,ingredient
7 grain medley,ready_meal
Korean style chicken wings with rice,ready_meal
Korean-style meatballs with noodles,ready_meal
Thai red curry soup,ready_meal
angelfish goujons,ready_meal
antipasto,ready_meal
assorted party platter,ready_meal
banana muffin,ready_meal
bao buns,ready_meal
basmati rice with quinoa,ready_meal
bbq chicken bacon pasta,ready_meal
bbq chicken pasta,ready_meal
bbq chicken pizza,ready_meal
bbq chicken sliders,ready_meal
bean salad,ready_meal
beef and lentil soup,ready_meal
beef bean tomato and basil meal cubes,ready_meal
beef borek,ready_meal
beef bredie,ready_meal
beef chow mein,ready_meal
beef curry with rice,ready_meal
beef lasagne,ready_meal
beef lasagne ready meal,ready_meal
beef lentil soup,ready_meal
beef mince curry,ready_meal
beef mince curry rice,ready_meal
beef pie,ready_meal
beef roti,ready_meal
beef samosa,ready_meal
beef samosas,ready_meal
beef short rib casserole,ready_meal
beef sliders,ready_meal
beef soup,ready_meal
beef steak pie,ready_meal
beef stew,ready_meal
beef vegetable soup,ready_meal
beetroot,ready_meal
beetroot salad,ready_meal
bobotie,ready_meal
borek,ready_meal
braaibroodjie,ready_meal
broccoli cauliflower gratin,ready_meal
broccoli soup,ready_meal
brown basmati rice with red and white quinoa,ready_meal
bulgur and lentil salad,ready_meal
bulgur lentil salad,ready_meal
bulgur quinoa lentil mix,ready_meal
bulgur salad,ready_meal
bulgur wheat lentil salad,ready_meal
bulgur wheat salad,ready_meal
burrito,ready_meal
burritos,ready_meal
butter chicken,ready_meal
butter chicken curry,ready_meal
butter chicken pie,ready_meal
butternut and sage risotto,ready_meal
butternut beetroot salad,ready_meal
butternut chickpea curry,ready_meal
butternut soup,ready_meal
butternut squash risotto,ready_meal
cacio e pepe,ready_meal
cannelloni,ready_meal
caramel swiss roll,ready_meal
carrot quinoa wrap,ready_meal
cauliflower,ready_meal
cauliflower gnocchi,ready_meal
cauliflower rice,ready_meal
cauliflower soup,ready_meal
cheese puffs,ready_meal
cheesecake,ready_meal
cheesy chicken,ready_meal
chicken,ready_meal
chicken a la king with rice,ready_meal
chicken a la king with rice ready meal,ready_meal
chicken and vegetables,ready_meal
chicken biryani,ready_meal
chicken biryani ready meal,ready_meal
chicken booster bowl,ready_meal
chicken breast,ready_meal
chicken breast fillets,ready_meal
chicken breast strips,ready_meal
chicken broccoli bake,ready_meal
chicken burrito bake,ready_meal
chicken caesar pasta salad,ready_meal
chicken coriander and lime,ready_meal
chicken coriander and lime booster bowl,ready_meal
chicken couscous salad,ready_meal
chicken fried rice,ready_meal
chicken korma,ready_meal
chicken lasagne,ready_meal
chicken leek pie,ready_meal
chicken lentil meal,ready_meal
chicken meatballs,ready_meal
chicken mushroom pie,ready_meal
chicken nachos,ready_meal
chicken noodle,ready_meal
chicken noodle soup,ready_meal
chicken nuggets,ready_meal
chicken pasta salad,ready_meal
chicken pie,ready_meal
chicken pies,ready_meal
chicken quinoa bean salad,ready_meal
chicken rice salad,ready_meal
chicken salad,ready_meal
chicken samosas,ready_meal
chicken soup,ready_meal
chicken strips,ready_meal
chicken stroganoff,ready_meal
chicken tikka,ready_meal
chicken with coconut rice,ready_meal
chickpea cucumber salad,ready_meal
chilli chicken,ready_meal
chilli chicken booster bowl,ready_meal
chilli crunch chicken ready meal,ready_meal
chilli non carne,ready_meal
coleslaw,ready_meal
corned beef tongue,ready_meal
cottage pie,ready_meal
couscous salad,ready_meal
croissant,ready_meal
croissants,ready_meal
cronut,ready_meal
curried spelt and beans,ready_meal
custard,ready_meal
custard tart,ready_meal
deli platter,ready_meal
dim sum,ready_meal
dog food,ready_meal
donut,ready_meal
doughnut,ready_meal
edamame,ready_meal
edamame black rice salad,ready_meal
egg fried rice,ready_meal
falafel wrap,ready_meal
fiesta style sharing meal,ready_meal
fish cake,ready_meal
fish cakes,ready_meal
fish pie,ready_meal
flan,ready_meal
four bean salad,ready_meal
four-bean salad,ready_meal
fried chicken,ready_meal
fried chicken slider,ready_meal
frozen fruit cubes,ready_meal
frozen mango and peach fruit cubes,ready_meal
frozen meal cubes,ready_meal
frozen mixed berries,ready_meal
frozen pizza,ready_meal
frozen vegetables,ready_meal
frozen yoghurt,ready_meal
fruit cubes,ready_meal
fruit salad,ready_meal
garlic baguette,ready_meal
garlic butter baguette,ready_meal
garlic butter ciabatta,ready_meal
garlic butter filled ciabatta,ready_meal
gazpacho,ready_meal
gnocchi,ready_meal
gorgonzola pasta,ready_meal
gorgonzola walnut girasoli,ready_meal
gorgonzola walnut pasta,ready_meal
greek salad,ready_meal
guava ice lolly,ready_meal
haddock,ready_meal
hake,ready_meal
hake and potato stacks,ready_meal
hake burger,ready_meal
hake burgers,ready_meal
hake curry,ready_meal
hake curry ready meal,ready_meal
hake fillets,ready_meal
hake nuggets,ready_meal
ham and cheese roll,ready_meal
hummus,ready_meal
ice cream,ready_meal
ice cream cone,ready_meal
ice cream cones,ready_meal
ice lolly,ready_meal
instant noodles,ready_meal
instant noodles cup,ready_meal
jalapeno popper bites,ready_meal
jalapeño popper bites,ready_meal
jelly custard cups,ready_meal
koesister,ready_meal
korean style chicken wings with rice balls,ready_meal
korean style meatballs noodles ready meal,ready_meal
laksa ready meal,ready_meal
lamb,ready_meal
lamb and vegetables,ready_meal
lamb casserole,ready_meal
lamb curry,ready_meal
lamb lentils brown rice meal,ready_meal
lamb liver with rice and vegetables,ready_meal
lamb mince curry roti,ready_meal
lamb tripe,ready_meal
"lamb with vegetables, lentils and brown rice",ready_meal
lamington,ready_meal
lasagne,ready_meal
lentil soup,ready_meal
lychee ice pops,ready_meal
macaron,ready_meal
macaroni and cheese,ready_meal
macaroni cheese,ready_meal
macaroni cheese beef bolognese,ready_meal
macaroni cheese with bacon,ready_meal
malva pudding,ready_meal
mashed potatoes,ready_meal
meatballs with noodles,ready_meal
milk tart,ready_meal
mince curry rice,ready_meal
mince pie,ready_meal
mince pies,ready_meal
mint ice cream,ready_meal
mixed vegetables,ready_meal
moroccan style shake it bowl,ready_meal
muffin,ready_meal
mushroom risotto,ready_meal
mushroom soup,ready_meal
mussels,ready_meal
nachos,ready_meal
noodles,ready_meal
oats,ready_meal
oats breakfast ready meal,ready_meal
ox tripe curry,ready_meal
palmier,ready_meal
pasta,ready_meal
pasta salad,ready_meal
pea soup,ready_meal
pepper steak pie,ready_meal
pepperoni pizza,ready_meal
pesto bulgur salad,ready_meal
pizza,ready_meal
poke bowl,ready_meal
pork,ready_meal
pork booster bowl,ready_meal
pork cheek casserole,ready_meal
pork fried rice,ready_meal
pork pie,ready_meal
pork shank,ready_meal
potato bake,ready_meal
potato croquettes,ready_meal
potato gratin,ready_meal
potato leek soup,ready_meal
potato salad,ready_meal
potato soup,ready_meal
potato stacks,ready_meal
potato wedges,ready_meal
potjie meal,ready_meal
potstickers,ready_meal
poultry platter,ready_meal
prawn avocado pasta salad,ready_meal
prawn bao buns,ready_meal
prawn cocktail,ready_meal
prawn linguine,ready_meal
prawn pasta salad,ready_meal
prawn spring rolls,ready_meal
prawn toast,ready_meal
prawns,ready_meal
pudding,ready_meal
pumpkin fritters,ready_meal
quiche,ready_meal
quiche lorraine,ready_meal
raisin pastry,ready_meal
rice,ready_meal
rice salad,ready_meal
roast chicken,ready_meal
roast potatoes,ready_meal
roasted vegetable couscous salad,ready_meal
rolls,ready_meal
root vegetables,ready_meal
salad,ready_meal
salmon,ready_meal
salmon sushi,ready_meal
salmon wellington,ready_meal
samosa,ready_meal
samosas,ready_meal
sausage roll,ready_meal
sausage rolls,ready_meal
seafood mix,ready_meal
seasonal sweets,ready_meal
sesame chicken noodle,ready_meal
sesame chicken noodles,ready_meal
sesame chicken with coconut rice,ready_meal
shake it bowl,ready_meal
sharing meal,ready_meal
shepherd's pie,ready_meal
slaw,ready_meal
smoked chicken breast,ready_meal
smoked salmon,ready_meal
smoked salmon spinach potato stack ready meal,ready_meal
smoked salmon spinach stacks ready meal,ready_meal
soup,ready_meal
soy burgers,ready_meal
soy sesame chicken coconut rice,ready_meal
soya burger,ready_meal
spaghetti bolognese,ready_meal
spaghetti carbonara,ready_meal
spaghetti with beef mince,ready_meal
spinach,ready_meal
spinach feta pies,ready_meal
spinach pie,ready_meal
spinach salad,ready_meal
spring roll,ready_meal
spring rolls,ready_meal
sriracha miso bowl,ready_meal
steak kidney pie,ready_meal
steak pie,ready_meal
sticky rice salad,ready_meal
strawberry banana yogurt,ready_meal
sundae,ready_meal
sushi,ready_meal
sushi burrito,ready_meal
sweet potato chips,ready_meal
sweet potato salad,ready_meal
swiss roll,ready_meal
tagliatelle alfredo,ready_meal
tempura prawns,ready_meal
thai green chicken curry,ready_meal
thali,ready_meal
tiramisu,ready_meal
tofu curry,ready_meal
tofu mushroom coconut curry,ready_meal
tofu mushroom coconut curry booster bowl,ready_meal
tom yum soup,ready_meal
tomato leaf salad,ready_meal
tomato salad,ready_meal
tomato soup,ready_meal
trifle,ready_meal
trout,ready_meal
trout gratin,ready_meal
tuna pasta,ready_meal
tuna penne,ready_meal
vegetable and lentil meal,ready_meal
vegetable barley soup,ready_meal
vegetable medley with bechamel sauce,ready_meal
vegetable risotto,ready_meal
vegetable soup,ready_meal
vetkoek,ready_meal
waffles,ready_meal
whiting portions,ready_meal
wontons,ready_meal
wrap,ready_meal
